00000	;821509;05.03.2025;10:03:31;
01000	;Startverzögerung;Startdelay;´0;s
01001	;Nennspannung;Rated voltage;´230;V
01002	;Unterspannungsschutz U<;Undervoltage protection U<;´90.0;%
01003	;Verzögerungszeit Untersp.-schutz U<;Delay of undervolt. protection U<;´40.00;s
01004	;Unterspannungsschutz U<<;Undervoltage protection U<<;´80.0;%
01005	;Verzögerungszeit Untersp.-schutz U<<;Delay of undervolt. protection U<<;´40.00;s
01006	;Überspannungsschutz U>;Overvoltage protection U>;´106.5;%
01007	;Verzögerungszeit Übersp.-schutz U>;Delay of overvoltage protection U>;´0.10;s
01008	;Überspannungsschutz U>>;Overvoltage protection U>>;´125.0;%
01009	;Verzögerungszeit Übersp.-schutz U>>;Delay of overvoltage protection U>>;´0.10;s
01010	;Abregelspannung;limitation voltage;´125.0;%
01011	;Nennfrequenz;Rated frequency;´50.00;Hz
01012	;Unterfrequenzschutz f<;Underfrequency protection f<;´47.50;Hz
01013	;Verzögerungszeit Unterfreq.schutz f<;Delay of underfreq. protection f<;´0.10;s
01014	;Überfrequenzschutz f>;Overfrequency protection f>;´51.50;Hz
01015	;Verzögerungszeit Überfreq.-schutz f>;Delay of overfreq. protection f>;´0.10;s
01016	;Frequenzregelung;Frequency control;´(00) OFF;
01030	;FRT Betrieb;FRT operation;´(00) OFF;
01031	;FACTS-Betrieb;FACTS-operation;´(01) FACTS1.0;
01032	;Konstante dP/df-Gradienten;Constant dP / df gradients;´(00) OFF;
01038	;Überwachungszeit für Normalstart;monitoring time for regular start;´0;s
01039	;Überwachungszeit für Neustart;monitoring time for restart;´5;s
01040	;Netzunterspannnungsgrenze für Neustart;Mains undervoltage level for restart;´90.0;%
01041	;Netzüberspannungsgrenze für Neustart;Mains overvoltage level for restart;´106.5;%
01042	;Netzunterfrequenzgrenze für Neustart;Mains underfrequency level for restart;´47.50;Hz
01043	;Netzüberfrequenzgrenze für Neustart;Mains overfrequency level for restart;´51.50;Hz
01044	;Unterfrequenzschutz f<<;underfrequency protection f<<;´43.00;Hz
01045	;Verzögerungszeit Unterfreq.schutz f<<;delay of underfreq. protection f<<;´60.00;s
01046	;Überfrequenzschutz f>>;overfrequency protection f>>;´57.00;Hz
01047	;Verzögerungszeit Überfreq.-schutz f>>;delay of overfreq. protection f>>;´60.00;s
01050	;Trägheitsregelung;Inertia control;´(00) OFF;
01059	;Trägheitsregelung extern;inertia control extern;´(01) ON;
01060	;Trägheitfaktorbasis;inertia factor base;´(00) Nennleistung;
01061	;Trägheitsrückf.pause;inertia recov. delay;´0.00;s
01062	;Trägheitfak. halten;inertia factor hold;´(00) OFF;
01147	;Zeitfenster ZPM-Zähler:;time frame ZPM counter;´0;s
01148	;Max. Anzahl ZPM im Zeitfenster:;max. number of ZPM in time frame;´0;
01149	;K-Faktor FRT (Wirkstrom);K-factor FRT (active current);´1.00;
01150	;K-Faktor FRT(max. Blindstrom);K-factor FRT (max. reactive current);´0.90;
01151	;Aktive Oberschwing. Kompensation;Active harmonic compensation;´(00) deactivated;
01200	;STATCOM-Betrieb;STATCOM operation;´(00) OFF;
01201	;Farm Control Interf.;Farm Control Interf.;´(00) DEACTIVATED;
01202	;Scheinleistungsbegrenzung durch;Apparent power limitation by;´(00) REACTIVE POWER LIMITATION;
01203	;V-Kurven-Gradient Q(nom) bei P/P(nom);V-curve gradient Q(rat) at P/P(rat);´20;%
01204	;Nennblindleistung;Rated reactive power;´980;kVAr
01206	;Dynamische Blindleistung (Q/P);Dynamic reactive power (Q/P);´0.000;
01207	;Statische Blindleistung;Static reactive power;´0;kVAr
01208	;Filterkompensation;Filter compensation;´0;kVAr
01308	;SCADA-Parkregelung;SCADA farm control;´(00) OFF;
01309	;dP/dt-Regler;dP/dt-control;´(00) OFF;
01311	;Sturmregelung;Storm control;´(01) ON;
01314	;Blattheizung: Automatik;Blade heating: automatic;´(00) OFF;
01315	;Blattheizung im Betrieb zulassen;Permit blade heating during operation;´(00) NO;
01316	;Max. Bezugsleistung der Blattheizung;Max. power consump.of blade heating;´34;kW
01317	;Min. Heizdauer der Blattheizung;Min.heating duration of blade heating;´240;minute
01318	;Präventive Blattheizung (+2°C / xy%);Preventive blade heating (+2°C / xy%);´(00) OFF;
01319	;Feuchtegrenzwert für präventive Heizung;Humidity level for preventive heating;´70;%
01320	;Leistungsgrenzwert für präventive Heizung;Power level for preventive heating;´0;kW
01322	;Bezugsleist.managem. bei präventiver Blattheiz. zulassen;permit power cons. management at prevent. blade heating;´(00) NO;
01323	;Blattheiz.im Betrieb möglich bis zu einem Blattwinkel von;blade deicing during oper. possible up to a blade angle of;´10;
01333	;Funktion ext. Stoppeingang I/O2 X8.2B;function ext. stop input I/O2 X8.2B;´(00) normal stop / idle mode on;
01350	;Autom. Wiederanlauf nach Blattheizung;Auto turbine start after blade heating;´(01) ON;
01351	;Ice Detection System Automatic restart when free of ice;Ice Detection System Automatic restart when free of ice;´(00) OFF;
01352	;Ice Detection System fall-back reaction;Ice Detection System fall-back reaction;´(00) further ice dtct system needed;
01353	;Ice Detection System P1353 Eologix;Ice Detection System P1353 Eologix;´(00) NO;
01354	;Ice Detection System P1354 Fos4x;Ice Detection System P1354 Fos4x;´(00) NO;
01355	;Ice Detection System P1355 Woelfel;Ice Detection System P1355 Woelfel;´(00) NO;
01357	;Ice Detection System only active with turbine stopped;Ice Detection System only active with turbine stopped;´(00) NO;
01358	;Ice Detection System inactive from;Ice Detection System inactive from;´3.0;m/s
01359	;Ice Detection System inactive to;Ice Detection System inactive to;´3.0;m/s
02000	;Standorthöhe über Meereshöhe;Site height above sea level;´310;m
02003	;Nennwirkleistung;Rated active power;´(01) 2000kW;
02012	;Bezugsleistungs-Management;power consumption management;´(00) OFF;
02051	;Load Control Parametersatz;parameter set load control;´0;
02100	;Maximalleistung (leistungsoptim.);Maximum power (power optimized);´2060;kW
02102	;Wirkleistungsgrad. (nach Netzausfall);Active power grad. (after mains fail.);´20;kW/s
02103	;Wirkleistungsgradient (bei Normalstart);Active power grad. (normal start-up);´20;kW/s
02104	;Wirkleistungsgradient (im Betrieb);Active power grad. (during operation);´120;kW/s
02105	;Wirkleistungsgradient (nach Überfrequenz);active power grad. (after over freq.);´800;kW/s
02106	;Wirkleistungsgradient (Stoppschalter);active power grad. (stop switch);´121;kW/s
02107	;Wirkleistungsgradient (externer Stopp);active power grad. (external stop);´121;kW/s
02108	;Wirkleistungsgradient (Schalloptimierung);active power grad. (noise optimization);´120;kW/s
02111	;Wirkleistungsgradient (interner Stopp);active power grad. (internal stop);´121;kW/s
02120	;Maximalleistung (vertraglich);maximum power (contractual);´4000;kW
02551	;Solldrehzahl des Nennleistungsasts (schalloptim. 1);Rotor speed set-point nominal power branch (n-opt 1);´0.000;rpm
02552	;Solldrehzahl des Nennleistungsasts (schalloptim. 2);Rotor speed set-point nominal power branch (n-opt 2);´0.000;rpm
02553	;Solldrehzahl des Nennleistungsasts (schalloptim. 3);Rotor speed set-point nominal power branch (n-opt 3);´0.000;rpm
02554	;Solldrehzahl des Nennleistungsasts (schalloptim. 4);Rotor speed set-point nominal power branch (n-opt 4);´0.000;rpm
02562	;Beginn des 1. Drehzahlvermeidungsgebiets (schalloptim. 1);Begin 1st speed exclusion zone (n-opt 1);´0.000;rpm
02563	;Ende des 1. Drehzahlvermeidungsgebiets (schalloptim. 1);End 1st speed exclusion zone (n-opt 1);´0.000;rpm
02564	;Beginn des 1. Drehzahlvermeidungsgebiets (schalloptim. 2);Begin 1st speed exclusion zone (n-opt 2);´0.000;rpm
02565	;Ende des 1. Drehzahlvermeidungsgebiets (schalloptim. 2);End 1st speed exclusion zone (n-opt 2);´0.000;rpm
02566	;Beginn des 1. Drehzahlvermeidungsgebiets (schalloptim. 3);Begin 1st speed exclusion zone (n-opt 3);´0.000;rpm
02567	;Ende des 1. Drehzahlvermeidungsgebiets (schalloptim. 3);End 1st speed exclusion zone (n-opt 3);´0.000;rpm
02568	;Beginn des 1. Drehzahlvermeidungsgebiets (schalloptim. 4);Begin 1st speed exclusion zone (n-opt 4);´0.000;rpm
02569	;Ende des 1. Drehzahlvermeidungsgebiets (schalloptim. 4);End 1st speed exclusion zone (n-opt 4);´0.000;rpm
02572	;Beginn des 2. Drehzahlvermeidungsgebiets (schalloptim. 1);Begin 2nd speed exclusion zone (n-opt 1);´0.000;rpm
02573	;Ende des 2. Drehzahlvermeidungsgebiets (schalloptim. 1);End 2nd speed exclusion zone (n-opt 1);´0.000;rpm
02574	;Beginn des 2. Drehzahlvermeidungsgebiets (schalloptim. 2);Begin 2nd speed exclusion zone (n-opt 2);´0.000;rpm
02575	;Ende des 2. Drehzahlvermeidungsgebiets (schalloptim. 2);End 2nd speed exclusion zone (n-opt 2);´0.000;rpm
02576	;Beginn des 2. Drehzahlvermeidungsgebiets (schalloptim. 3);Begin 2nd speed exclusion zone (n-opt 3);´0.000;rpm
02577	;Ende des 2. Drehzahlvermeidungsgebiets (schalloptim. 3);End 2nd speed exclusion zone (n-opt 3);´0.000;rpm
02578	;Beginn des 2. Drehzahlvermeidungsgebiets (schalloptim. 4);Begin 2nd speed exclusion zone (n-opt 4);´0.000;rpm
02579	;Ende des 2. Drehzahlvermeidungsgebiets (schalloptim. 4);End 2nd speed exclusion zone (n-opt 4);´0.000;rpm
03101	;Labko Eisdetektor;Labko ice detector;´(00) NOT INSTALLED;
03102	;Labko Eisdetektor: Automat. Neustart nach Vereisung;Labko ice detector: automatic restart after icing;´(01) ON;
03103	;Labko Eisdetektor: Nur bei gestoppter Anlage aktiv;Labko ice detektor: Only active with turbine stopped;´(00) NO;
03104	;Labko Eisdetektor: Inaktiv von;Labko ice detektor: inactive from;´3.0;m/s
03105	;Labko Eisdetektor: Inaktiv bis;Labko ice detektor: inactive to;´3.0;m/s
03106	;Verzögerung für Blattheizung;delay for blade heating;´120;minute
04000	;Eis-MPP-Tracker;ice mpp-tracker;´(00) OFF;
04093	;Sektor-Information generieren;create sector information;´(00) NO;
04100	;Wind-Toleranz für Leistungskennlinie;Wind tolerance for power curve;´3.0;m/s
04101	;Wind-Toleranz der Leistungskennlinie für Blattheizung;Wind tolerance of power curve for blade heating;´0.6;m/s
04102	;Leistungs-Toleranz bei > 10,5m/s;Power tolerance at more than 10,5m/s;´50;%
04103	;Leistungs-Toleranz bei > 10,5m/s für Blattheizung;Power tolerance at more than 10,5m/s for blade heating;´90;%
04104	;Wind-Toleranz für Blattwinkelkennlinie;Wind tolerance for blade angle curve;´5.0;m/s
04105	;Wind-Toleranz der Blattwinkelkennlinie für Blattheizung;Wind tolerance of blade angle curve for blade heating;´2.0;m/s
04106	;Grenzwert für Park-Eiserkennung;Limit for farm ice detection;´100;%
04107	;Automat. Neustart nach Vereisung;Automatic restart after icing;´(01) ON;
04108	;Automat. Neustart während Vereisung;Automatic restart during icing;´(01) ON;
04111	;Feuchtegrenzwert für Eis-Warnleuchte;humidity level for ice warning light;´80;
04112	;Eisansatz-Detektionszeit;ice accretion detection time;´30;minute
04114	;Automat. Neustart nach Park-Eiserkennung;automatic restart after farm ice detection;´(01) ON;
04115	;Präventive Eiserk. nach 3 Std. Störung;preventive ice det. After 3 hours fault;´(01) ON;
06000	;Schalloptimierung (1);Noise optimization (1);´(00) OFF;
06020	;Schalloptimierung (2);Noise optimization (2);´(00) OFF;
06040	;Schalloptimierung (3);Noise optimization (3);´(00) OFF;
06060	;Schalloptimierung (4);Noise optimization (4);´(00) OFF;
06100	;Schattenabschaltung;Shadow shut off;´(00) OFF;
06300	;Regenabhängige Schalloptimierung (1);Rain depending sound mitigation (1);´(00) OFF;
06301	;Regenschwellwert (1);Rain threshold (1);´9.99;mm/min
06302	;Max-Temp-abhängige Schalloptimierung (1);maximum temperature dependent sound mitigation (1);´(00) OFF;
06303	;Start Messintervall (1);Start measurement interval (1);´00:00;
06304	;Ende Messintervall (1);End measurement interval (1);´00:00;
06305	;MaxTemp. Schwellwert (1);max. temp. threshold (1);´40.0;°C
06306	;Ist-Temp. Abhängige Schalloptimierung (1);current temp. dependent sound mitigation (1);´(00) OFF;
06307	;Ist-Temp. Schwellwert (1);current temp. threshold (1);´40.0;°C
06308	;Verknüpfung Gruppe 1 (1);link group 1 (1);´0000000000111111;
06309	;Verknüpfung Gruppe 2 (1);link group 2 (1);´0000000000111111;
06310	;Verknüpfung Gruppe 3 (1);link group 3 (1);´0000000000111111;
06311	;Verknüpfung Gruppe 4 (1);link group 4 (1);´0000000000111111;
06312	;Regenabhängige Schalloptimierung (2);Rain depending sound mitigation (2);´(00) OFF;
06313	;Regenschwellwert (1);Rain threshold (2);´9.99;mm/min
06314	;Max-Temp-abhängige Schalloptimierung (2);maximum temperature dependent sound mitigation (2);´(00) OFF;
06315	;Start Messintervall (2);Start measurement interval (2);´00:00;
06316	;Ende Messintervall (2);End measurement interval (2);´00:00;
06317	;MaxTemp. Schwellwert (2);max. temp. threshold (2);´40.0;°C
06318	;Ist-Temp. Abhängige Schalloptimierung (2);current temp. dependent sound mitigation (2);´(00) OFF;
06319	;Ist-Temp. Schwellwert (2);current temp. threshold (2);´40.0;°C
06320	;Verknüpfung Gruppe 1 (2);link group 1 (2);´0000000000111111;
06321	;Verknüpfung Gruppe 2 (2);link group 2 (2);´0000000000111111;
06322	;Verknüpfung Gruppe 3 (2);link group 3 (2);´0000000000111111;
06323	;Verknüpfung Gruppe 4 (2);link group 4 (2);´0000000000111111;
06324	;Regenabhängige Schalloptimierung (3);Rain depending sound mitigation (3);´(00) OFF;
06325	;Regenschwellwert (3);Rain threshold (3);´9.99;mm/min
06326	;Max-Temp-abhängige Schalloptimierung (3);maximum temperature dependent sound mitigation (3);´(00) OFF;
06327	;Start Messintervall (3);Start measurement interval (3);´00:00;
06328	;Ende Messintervall (3);End measurement interval (3);´00:00;
06329	;MaxTemp. Schwellwert (3);max. temp. threshold (3);´40.0;°C
06330	;Ist-Temp. Abhängige Schalloptimierung (3);current temp. dependent sound mitigation (3);´(00) OFF;
06331	;Ist-Temp. Schwellwert (3);current temp. threshold (3);´40.0;°C
06332	;Verknüpfung Gruppe 1 (3);link group 1 (3);´0000000000111111;
06333	;Verknüpfung Gruppe 2 (3);link group 2 (3);´0000000000111111;
06334	;Verknüpfung Gruppe 3 (3);link group 3 (3);´0000000000111111;
06335	;Verknüpfung Gruppe 4 (3);link group 4 (3);´0000000000111111;
06336	;Regenabhängige Schalloptimierung (4);Rain depending sound mitigation (4);´(00) OFF;
06337	;Regenschwellwert (4);Rain threshold (4);´9.99;mm/min
06338	;Max-Temp-abhängige Schalloptimierung (4);maximum temperature dependent sound mitigation (4);´(00) OFF;
06339	;Start Messintervall (4);Start measurement interval (4);´00:00;
06340	;Ende Messintervall (4);End measurement interval (4);´00:00;
06341	;MaxTemp. Schwellwert (4);max. temp. threshold (4);´40.0;°C
06342	;Ist-Temp. Abhängige Schalloptimierung (4);current temp. dependent sound mitigation (4);´(00) OFF;
06343	;Ist-Temp. Schwellwert (4);current temp. threshold (4);´40.0;°C
06344	;Verknüpfung Gruppe 1 (4);link group 1 (4);´0000000000111111;
06345	;Verknüpfung Gruppe 2 (4);link group 2 (4);´0000000000111111;
06346	;Verknüpfung Gruppe 3 (4);link group 3 (4);´0000000000111111;
06347	;Verknüpfung Gruppe 4 (4);link group 4 (4);´0000000000111111;
07017	;Eologix Icing signaling mode;Eologix Icing signaling mode;´(00) Safety;
07030	;Blitzstrom-Messsystem;Lightning M. System;´(00) NO;
07031	;Blitzstromalarm Schwellwert;Lightning alert threshold;´200;kA
07032	;Trigger Level;Trigger Level;´15;kA
07033	;Pre Trigger;Pre Trigger;´0.1;s
07034	;Meldekontakt aktiviert;Relay Event Enable;´(01) aktiviert;
07035	;Relay Event Signal Time;Relay Event Signal Time;´0.5;s
07036	;Relay Trigger Level;Relay Trigger Level;´15;kA
07037	;Relay Warning Enable;Relay Warning Enable;´(00) deaktiviert;
07038	;Relay Warning Signal Time;Relay Warning Signal Time;´0.5;s
07039	;Relay Warning Repetition Time;Relay Warning Repetition Time;´24;h
07045	;Enable  Sensor 1;Enable  Sensor 1;´(01) aktiviert;
07046	;Enable  Sensor 2;Enable  Sensor 2;´(01) aktiviert;
07047	;Enable  Sensor 3;Enable  Sensor 3;´(01) aktiviert;
07048	;Kalibrierfaktor Sensor 1;Calibration Factor Sensor 1;´1.70;
07049	;Kalibrierfaktor Sensor 2;Calibration Factor Sensor 2;´1.70;
07050	;Kalibrierfaktor Sensor 3;Calibration Factor Sensor 3;´1.70;
07051	;Kalibrierfaktor Ableitung Sensor 1;Down Conductor Factor Sensor 1;´1.52;
07052	;Kalibrierfaktor Ableitung Sensor 2;Down Conductor Factor Sensor 2;´1.52;
07053	;Kalibrierfaktor Ableitung Sensor 3;Down Conductor Factor Sensor 3;´1.52;
